names,scores,longitude,latitude,mean_price,comment,cluster
鑫海汇海鲜烤肉火锅自助（立丰国际店）,3.9,108.997999,34.247211,57,24614,2
蝎王府羊蝎子（西稍门店）,4.9,108.911486,34.259348,58,9622,4
锡林阿玛冰煮羊（半坡·华夏·幸福里店）,5.0,109.056462,34.274044,88,59,4
乔福记香菇面,4.9,108.938163,34.347360,17,13341,3
云贵过桥米线（车城花园店）,5.0,109.004563,34.464745,15,6690,4
西安君乐城堡酒店·雅庭西餐厅,4.6,108.945236,34.248688,89,2676,5
荣辉园自助火锅,3.3,108.979441,34.380777,37,2835,1
同福龙虾（曲江店）,4.2,108.989060,34.195045,169,18,5
比格比萨自助（新世界时尚广场店）,4.9,108.950684,34.269339,55,24845,3
口口私房锅（立丰国际店）,4.9,108.997270,34.248350,59,513,4
天天爸爸的蛋糕店,3.6,108.985797,34.327977,41,4,1
李记搅团（三桥店）,4.9,108.831370,34.289168,48,2697,4
乡村基（丈八北路店）,4.0,108.871364,34.248698,25,5310,1
蜀儿郎市井串串（西沣路店）,4.6,120.079994,31.620785,45,23,5
尚学社的理想书店,5.0,108.894821,34.236518,26,585,4
欧味轩艺术蛋糕,4.9,108.945430,34.151562,40,4430,4
农耕年华清真农家菜,4.8,108.956146,34.071666,60,13,4
盛秦阁泡馍,4.9,108.975663,34.353759,29,2350,4
食色火锅（李家村店）,4.4,108.963051,34.242301,60,1026,5
大福咖啡（都市之门店）,4.0,108.889108,34.197010,24,7,1
澄城崇斌水盆羊肉（后宰门店）,4.9,108.954010,34.271713,25,3467,4
千家粗粮王（凤城二路店）,4.8,108.947725,34.316950,64,28837,3
朝阳门涮肉·烤肉·江湖菜,4.9,108.967170,34.263310,64,2550,4
蘑菇爱上饭（小寨店）,4.6,108.947105,34.227643,17,17537,3
金迈源自助涮烤王,4.2,114.320840,29.861183,50,19413,2
鱼酷活力烤鱼（阳光城店）,4.9,108.868114,34.170097,69,2175,4
火焰山牛排海鲜自助美食汇（西市城购物中心店）,4.2,108.909777,34.245300,72,7173,5
花腰部落（陕师大店）,4.3,108.949697,34.205124,39,3181,5
御窑火锅串串香,4.3,108.948772,34.239786,54,2138,5
澄城水盆羊肉（大寨路店）,3.8,108.874836,34.246033,21,3279,1
西安新兴温德姆酒店餐厅,3.5,108.996464,34.270076,150,408,1
米浓蛋糕店（李家村店）,4.0,108.941565,34.232681,23,79,1
建国饭店·蓉园川粤坊,4.9,108.996401,34.258509,57,7557,4
聚珍园（南二环店）,3.9,108.985028,34.237370,38,681,1
龙虾十八香羊蝎子纸包鱼（凤城二路店）,4.8,108.949913,34.318074,88,64,4
老刘家牛羊肉泡馍（立新街店）,4.9,108.942887,34.273062,22,6738,4
M12铁板餐厅（赛格国际店）,4.9,108.947616,34.223172,81,9389,4
易居小笼,4.0,108.986043,34.306297,25,3144,1
姥家大锅台（太华路店）,4.4,108.979378,34.292652,56,117,5
江湖渔道,5.0,108.911925,34.291059,94,42,4
Giacomo's手风琴西餐厅（兴庆南路店）,4.9,108.988576,34.248269,57,3330,4
薛垻子重庆老味火锅（永松路店）,4.0,108.925149,34.226800,57,4148,1
Dirty Hertz 得体赫兹,4.5,108.969583,34.210680,121,3,5
天台牛排主题餐厅,4.9,108.947276,34.237894,97,3082,4
金花豪生国际大酒店西餐厅,4.2,108.943342,34.250061,115,1479,5
悦豪邻居美食K歌创造快乐（长安店）,4.1,108.894063,34.158400,59,62,1
螺小胖柳州螺蛳粉（钟楼店）,4.9,108.953777,34.257819,12,11223,3
老徐记葫芦头泡馍店,3.7,108.963882,34.271959,15,3152,1
兰湘子.湘菜小炒（中贸广场店）,4.9,108.945151,34.241617,50,948,4
李记搅团（丰庆公园店）,4.9,108.894094,34.247483,44,3629,4
佛伦萨·古典火炉披萨（小寨店）,4.9,108.945631,34.225124,63,1258,4
意料之中·披萨研究所（万和城店）,4.8,108.994640,34.278776,33,16,4
西安高新希尔顿酒店•咖啡露台西餐厅,4.9,108.887603,34.220835,126,1835,4
川府锦绣（西荷花园店）,4.1,108.927417,34.235367,49,384,1
上岛咖啡（东二环店）,3.9,108.998131,34.259617,53,3479,1
济州家韩国自助烧烤,4.6,108.877279,34.194528,62,2157,5
兰湘子·湘菜小炒（民乐园店）,4.9,108.964952,34.268620,51,343,4
塞纳左岸咖啡（未央路店）,4.2,108.946490,34.303560,56,4596,5
金三顺紫菜包饭（太奥广场店）,3.8,108.892322,34.283244,25,4368,1
悦豪美食k歌聚会馆（和平门店）,4.9,108.962977,34.253807,71,48,4
同盛祥（钟楼店）,4.6,108.945032,34.260409,57,13768,3
建国饭店中餐厅,4.9,108.996401,34.258509,102,124,4
美佳蛋糕（未央路凤城二路店）,5.0,108.955819,34.314206,80,338,4
卡米乐西饼屋,4.8,108.938679,34.127801,30,348,4
欧美特蛋糕,4.9,108.853396,34.200082,42,691,4
锡林阿玛冰煮羊（大雁塔历史博物馆店）,4.8,108.956401,34.211665,85,250,4
麦香手擀面,3.8,108.814257,34.301491,14,331,1
东方宫兰州牛肉拉面,4.9,108.943525,34.333298,15,5005,4
福苗小骆驼烧烤（莲湖路老店）,3.4,108.941607,34.270033,86,23,1
帕帕亚Papaya意大利餐厅（南门店）,4.5,108.947337,34.245711,102,881,5
小六汤包（兴庆南路店）,4.9,108.990319,34.247862,41,711,4
美佳蛋糕（钟楼东大街店）,5.0,108.951387,34.256044,80,176,4
清真·聚鲜阁威海海鲜私房菜,5.0,108.973830,34.270700,74,1039,4
红透天自助涮烤（互助路店）,4.1,108.992567,34.259629,38,27455,2
太食獸泰式茶餐厅（赛格国际店）,4.9,108.948340,34.223870,109,264,4
山葵铁板烧,4.1,108.947811,34.263382,95,6710,1
蜀渝香自助小火锅,4.3,108.902042,34.219232,22,1171,5
妙妙涮羊肉（高新店）,4.8,108.887171,34.211095,83,2074,4
豪上鲜文鱼庄,4.3,108.875550,34.193839,84,5484,5
锡林阿玛冰煮羊·烤肉（曲江大唐不夜城银泰店）,4.9,108.960360,34.205030,84,238,4
文老根米线（莱安逸境店）,4.4,108.890790,34.246367,22,3411,5
Venus Cake 维纳斯蛋糕工坊（龙首村店）,3.8,108.935583,34.295020,36,16110,2
5号酒馆,3.0,108.947716,34.226567,88,5,1
猫咪餐厅（小寨店）,4.9,108.948146,34.225734,52,8833,4
上岛咖啡（龙首店）,4.1,108.944127,34.292329,74,4147,1
美牛美客牛排餐厅,4.4,109.081000,34.232468,20,16,5
邢记·牛排咖啡,4.0,108.932017,34.312805,52,490,1
月红仟禧自助涮烤（红旗店）,3.8,108.936790,34.340490,45,18776,2
披着猫·猫咖,5.0,108.966002,34.210042,52,28,4
胡记私房菜（魏家湾店）,4.1,108.935550,34.344450,41,291,1
保尔森自助海鲜烧烤,4.0,108.946418,34.296646,50,36888,2
长安大牌档之长安集市（赛格旗舰店）,4.4,108.948340,34.223870,50,12443,3
唐乐宫二十四节气调养火锅,4.5,108.947161,34.236021,107,1155,5
糊涂记（新城广场店）,4.9,108.948797,34.267137,41,8285,4
量贩式演艺餐吧SEXY,4.9,108.945493,34.242589,100,22,4
戴琳娜法国餐厅,4.7,108.948480,34.291412,70,3901,4
德国赫佰仕啤酒餐厅,4.9,108.894478,34.233044,90,106,4
麻门匠骨秘制羊棒骨（大寨路店）,4.8,108.872185,34.245183,80,78,4
润雨·尚品海鲜大闸蟹,4.3,108.937188,34.241682,51,1260,5
味一米线（土门华东店）,4.3,108.871262,34.260518,20,3230,5
雁鸣烤肉坊（大唐芙蓉园店）,3.5,108.976560,34.208737,76,5,1
百富烤霸（西京医院店）,4.9,108.989872,34.269810,16,9505,4
长安雅集大厦餐厅,4.7,108.945477,34.192029,45,406,4
窄巷子陕菜馆（粉巷店）,4.4,108.945802,34.255253,46,1509,5
伯爵工房蛋糕（凤城三路店）,4.2,108.969863,34.322219,30,5502,5
傻得冒冒菜香锅,4.4,108.911056,34.288166,19,800,5
好口福私房菜,3.9,108.983805,34.300932,42,429,1
眉州东坡（金地广场店）,4.4,108.988210,34.203926,59,1523,5
蓉一锅豆花串串火锅,4.9,109.021637,34.300660,36,53,4
禧旺自助涮烤（胡家庙店）,3.7,109.002387,34.278811,48,10104,1
道口烧鸡,4.7,108.922393,34.282579,18,125,4
XOXO酒吧,4.6,108.871402,34.226922,50,17,5
呱呱叫民俗风味主题餐厅,4.7,108.976653,34.031944,68,406,4
麦香蛋糕,4.6,108.989777,34.379344,30,1630,5
XOXO酒吧,4.6,108.871402,34.226922,50,17,5
东来顺（交大店）,4.9,108.988114,34.258169,69,8758,4
建国饭店绿茵阁咖啡厅,4.7,108.995328,34.259107,123,1587,4
徽興記黄山臭桂鱼（曲江银泰城店）,4.4,108.963405,34.206675,73,35,5
馋莱客炸鸡汉堡（海棠店）,4.1,109.125397,34.206872,16,327,1
甜酷·星期五cake工坊（钟楼店）,4.9,108.930135,34.252629,60,792,4
川寨子麻辣香锅冒菜（民乐园万达广场店）,3.5,108.964952,34.268620,35,2,1
苏福记（凤城三路店）,4.4,108.947931,34.317713,47,5150,5
Jane's garden 简的花园牛扒屋（简的花园）,4.4,108.922893,34.236428,88,2369,5
锡林阿玛冰煮羊（钟楼银泰店）,4.9,108.942738,34.258762,90,323,4
怡咖啡·自助餐（香格里拉大酒店）,4.1,108.897325,34.233587,170,840,1
红透天自助涮烤（土门店）,4.1,108.871440,34.261008,45,19751,2
金洲美食·浔味陕南,4.0,108.997374,34.195954,72,1,1
彼德西餐（凯德店）,4.3,108.936378,34.229258,84,4085,5
爱心蛋糕坊,5.0,112.982544,28.197607,45,1571,4
白小宝烤肉店,4.0,108.966079,34.266608,30,18,1
红透天自助涮烤（大寨路店）,3.8,108.873128,34.244706,43,23801,2
锦唐印象（纺织城店）,4.9,109.059190,34.277259,58,16665,3
Time Cake时光纪蛋糕,5.0,108.977187,34.183660,159,38,4
小肥羊（小寨金莎国际店）,4.9,108.947278,34.225723,73,6767,4
储缘蛋糕（十里铺店）,4.9,109.025053,34.289922,44,954,4
稀罕妳泥炉烧烤,4.3,108.890806,34.240414,93,78,5
横城韩牛一韩式烤肉炸鸡（民乐园万达店）,4.9,108.964952,34.268620,82,6147,4
李记搅团（东关正街店）,4.9,108.975888,34.258245,44,2028,4
锦翔炝锅城（五路口店）,4.9,108.967030,34.270036,47,52419,2
王府川菜馆,4.9,108.960425,34.273323,28,483,4
羊瑞堂铁锅羊肉（未央路旗舰店）,4.4,108.947543,34.306242,81,2645,5
皇冠假日酒店·朱雀咖啡厅,4.0,108.939970,34.231292,142,573,1
千家粗粮王（小寨店）,4.1,108.947490,34.222490,67,53724,2
千家粗粮王（东大街店）,4.3,108.946810,34.258239,61,44444,2
李想大虾火锅花园（郭杜店）,3.7,108.864925,34.160011,57,8575,1
长安大牌档之西游漫记（大悦城店）,4.1,108.961153,34.214684,72,39,1
鸭掌门（青龙寺店）,3.6,108.987490,34.228608,58,3125,1
曼岛咖啡,3.8,108.923344,34.221840,54,2503,1
大厨小馆（阳阳国际店）,4.2,108.937652,34.217516,58,297,5
烤什么名堂·陕菜·烧烤（西门店）,4.3,108.925571,34.255735,55,3520,5
西安烤鸭店（西荷店）,3.7,108.925754,34.235360,70,1238,1
重庆无刺纸包鱼,4.5,108.981639,34.381948,50,10,5
西部马华食府（含光路店）,4.3,108.932031,34.227351,40,3743,5
上善素食馆,4.9,108.977580,34.259697,61,296,4
鱼酷活力烤鱼（老城根店）,4.5,108.921205,34.285075,90,6,5
古都·金麦西饼屋,4.4,109.021011,34.398012,25,986,5
赛纳维红酒餐厅,4.9,108.884000,34.196501,65,95,4
荣宴·中餐厅,4.5,108.895050,34.223540,1686,2,5
尚克拉拉牛排（钟楼店）,4.0,108.949350,34.259253,79,12210,1
顺水鱼馆（高新路店）,4.5,108.897493,34.214178,65,2115,5
茶见小院,4.4,108.936955,34.344175,61,133,5
江城小馆陕南妈妈菜·全球旅行餐厅（长安地标老店）,4.4,108.943685,34.256251,43,2243,5
长安大牌档之凤舞朝阳（朝阳门店）,4.2,108.973159,34.269471,57,1657,5
川渝人家（海韵店）,4.6,108.950821,34.322357,48,580,5
粤港饭店,4.4,109.026672,34.327806,79,7,5
拉菲达牛排自助（赛格国际店）,3.7,108.947616,34.223172,57,19229,2
清真·老兰家（兴善寺西街总店）,4.3,108.939355,34.225766,46,1853,5
秦西坊餐厅,4.3,108.907644,34.244574,60,9,5
豪客来牛排（唐延中心城店）,4.9,108.889360,34.238480,57,2040,4
陇海净和川菜,4.7,108.962388,34.271127,47,599,4
宁厨家饭,4.6,108.899286,34.292676,40,1127,5
西安中兴和泰酒店,4.7,108.884720,34.185799,477,454,4
园园果业,4.9,108.951259,34.286204,10,51,4
大叔牛排店,4.8,108.909414,34.258981,45,757,4
吉鸡记板栗大盘鸡,4.2,108.992415,34.217584,35,22,5
麦当劳（西安长乐路店）,4.1,108.982399,34.267950,33,176,1
清真·穆巴拉克西餐厅（回民街店）,4.8,108.938451,34.263312,50,3835,4
外婆印象（西工大店）,4.6,108.911350,34.241555,40,1457,5
HLS小酒馆（太和广场店）,4.9,108.952363,34.258332,21,5329,4
卡瓦咖啡·酒吧,4.2,108.926343,34.347587,40,75,5
柴门陕南本土家菜（大雁塔店）,4.9,108.966228,34.215269,58,1390,4
皇家蛋糕（一店）,4.7,108.210451,34.161108,35,816,4
阳澄湖大闸蟹（澄宝店）,4.3,108.939346,34.249271,46,57,5
水中天茶十食（高新店）,4.3,119.929878,31.643923,146,26,5
鼎香食府,3.9,109.005956,34.269171,58,664,1
清真拉菲尔鱼莊,4.0,108.936865,34.266990,49,1149,1
百富烤霸（小寨汉唐店）,4.2,108.947168,34.219908,18,13305,3
莱茵河中西餐厅,3.9,108.608772,34.107704,45,1771,1
洛可可蛋糕坊（紫薇田园都市店）,5.0,108.872457,34.179555,88,602,4
天龙宝严素食馆（大兴善寺店）,4.0,108.943286,34.227029,42,584,1
麦香诚蛋糕（周至八云塔店）,5.0,108.217152,34.161326,20,1716,4
澳美徕·花胶鸡火锅（高新万达店）,4.9,108.888076,34.207729,73,1555,4
迈德思客（纺织城店）,4.1,109.064103,34.267570,16,3707,1
80后陕西特产超市（大雁塔店）,4.9,108.963559,34.223610,93,84,4
汉堡王（西安凯德新地店）,4.7,108.934668,34.228903,32,1373,4
捷客比萨（临潼店）,3.8,109.223999,34.377207,35,2370,1
桑记重庆老灶王串串香,4.9,108.912754,34.214374,52,1362,4
悦豪云顶自助餐厅,3.7,108.902328,34.241347,91,429,1
西安天骊君廷大酒店·赛纳宫西餐厅,4.9,108.912572,34.218950,67,520,4
大唐西市酒店,4.6,108.908433,34.246142,118,386,5
大海子陕菜小寨店,4.2,108.941309,34.225599,49,1526,5
普素茶房（文艺路店）,4.2,108.956928,34.245661,56,156,5
华莱士·全鸡汉堡（阎良店）,3.8,109.229257,34.659224,15,5079,1
福苗小骆驼烧烤（大华1935店）,3.4,108.971296,34.294213,85,1370,1
睿德居酒楼,4.9,108.970985,34.270043,59,366,4
徽興記黄山臭桂鱼（桃园路店）,4.4,108.899960,34.251270,101,29,5
大香港酒楼（国宾店）,4.2,108.972873,34.259643,73,339,5
567大连海鲜旅大码头海鲜（锦业路店）,4.9,108.857423,34.193464,77,1950,4
福苗小骆驼烧烤（太奥广场店）,3.8,108.892759,34.283268,83,821,1
星期八工坊,4.9,108.938158,34.152506,50,612,4
西安西藏大厦开元名都大酒店自助餐厅,4.0,108.960962,34.241501,128,671,1
川渝小渔哥,4.7,108.941311,34.159851,30,22,4
金香缘云南过桥米线,4.5,109.120067,34.284309,19,1058,5
站前猪蹄&家常炒菜,4.9,109.008679,34.269325,39,414,4
小蛮子纸包鱼（沙井村北口店）,4.2,108.910991,34.223782,39,1870,5
美佳蛋糕（玉祥门大兴路店）,5.0,108.929711,34.273281,80,340,4
葡庭餐厅,4.8,108.937679,34.340962,65,3132,4
小六汤包（印象城购物中心店）,4.5,108.948252,34.293973,27,371,5
月食海鲜小馆,4.8,108.966974,34.265997,90,215,4
久龍坡纸包鱼,4.9,108.874823,34.194548,47,405,4
山海臻鲜火锅,3.5,108.904088,34.236500,100,2,1
煌上煌自助小火锅（长大店）,4.9,108.914197,34.372310,28,595,4
安旗（钟楼店）,4.7,119.899892,31.786155,51,992,4
小武烤肉,5.0,108.221680,34.160238,40,51,4
奥赛奥章鱼水煎肉,4.9,108.950502,34.258160,53,3487,4
北京羲和雅苑烤鸭坊（熙地港店）,4.7,108.945476,34.338235,86,1332,4
川西豆皮涮牛肚火锅,3.5,108.990498,34.380733,50,9,1
俄士厨房（吉祥路店）,4.9,108.923344,34.221840,78,4572,4
咪咪川菜（白桦林居店）,4.9,108.937256,34.344251,35,522,4
马虎面馆（翠华北路店）,3.5,108.956815,34.226058,18,4,1
勇利赵家烤肉坊（纬二街店）,5.0,108.948817,34.218749,50,14644,3
川坝子老灶火锅（航天店）,3.6,108.942709,34.168791,66,932,1
旺袁记神仙酸汤鱼,4.5,108.891091,34.229910,79,35,5
莱卡味道,4.9,108.933311,34.337710,30,120,4
秦人街西北菜,4.6,108.944223,34.348598,63,281,5
福苗小骆驼烧烤（凤八店）,4.4,108.935310,34.342470,86,5,5
老狼大盘鸡,4.3,111.775513,30.173913,25,454,5
二掌柜水盆羊肉（水文巷店）,4.9,108.929558,34.239354,20,781,4
洛可可蛋糕坊（交大店）,5.0,108.991809,34.243211,74,959,4
永刚烤肉（临潼店）,5.0,109.205167,34.375243,47,3721,4
米斯特比萨（金辉店）,3.8,108.886877,34.249711,67,777,1
粤西渔村,3.5,108.903543,34.291513,110,1,1
小阿妹米线（凤城一路店）,4.9,108.945440,34.313071,23,6175,4
方燕烤猪蹄烧烤（长安广场旗舰店）,4.1,108.926473,34.160789,10,21791,2
爱尚伯爵（泾渭店）,3.9,109.004546,34.462004,27,4594,1
东东包（交大店）,3.9,108.987855,34.245475,15,5086,1
2068香辣虾（电子正街店）,3.7,108.919830,34.204764,58,9679,1
牛一嘴·中国兰州牛肉拉面（财富中心店）,3.9,108.902750,34.241955,15,7178,1
洛可可生日蛋糕坊（城市立方店）,5.0,108.939729,34.193578,69,1063,4
小锅无界（新世界店）,4.2,108.946280,34.261467,46,4228,5
王华峰潼关肉夹馍（太元路店）,4.1,108.982817,34.299999,16,2026,1
Route 就现在蛋糕（线上店）,4.4,108.997042,34.250523,68,4,5
2068香辣虾（全国总店）,4.0,108.947609,34.297171,66,11839,1
欧巴来了韩式料理,4.5,108.950079,34.225737,34,20602,3
老城味道,4.2,108.963601,34.342651,19,18541,2
大城小鸡黄焖鸡排骨米饭(非外卖)（新城总店）,4.2,108.965073,34.271216,18,5178,5
美佳蛋糕（小寨赛格大雁塔店）,5.0,109.027153,34.274596,80,281,4
聚丰苑北京烤鸭店（龙首北路店）,3.7,108.936796,34.292851,51,2098,1
五谷香自助涮烤火锅（青年南街店）,3.8,108.943208,34.148799,37,14355,1
疯狂的棒棒•撸串公司火锅,3.5,108.825699,34.250485,60,1,1
麦之香蛋糕（友谊东路店）,3.9,108.959123,34.238134,33,3665,1
汉釜宫韩式烤肉（临潼店）,4.0,109.225841,34.381532,35,4844,1
Merrykin麦里金（美院专卖店）,4.4,108.932355,34.217972,19,4862,5
老车家牛羊肉泡馍馆（大差市店）,4.5,108.961255,34.256621,24,7300,5
瓦库30号（曼蒂广场店）,4.5,108.965968,34.211906,136,3,5
瑞可爺爺的店（赛格店）,4.7,108.948234,34.223579,30,38229,2
0057香辣虾（小寨店）,3.6,108.947358,34.224938,50,12578,1
慧莹农家乐,3.5,109.011688,34.000732,23,1,1
黄品煌三汁焖锅（东大街店）,4.1,108.950198,34.260763,38,12300,1
味都西饼店（华美店）,4.5,108.944799,34.170923,15,10286,3
小蛮子纸包鱼（电子四路店）,4.3,108.918753,34.205199,49,3775,5
鑫和炝锅鱼（梨园路店）,4.0,108.898753,34.292343,51,3322,1
还是串串火锅,4.2,108.951031,34.252195,80,9,5
飞鹿餐饮,4.9,108.929356,34.270655,49,5416,4
和福顺养生焖锅（长百店）,4.4,108.931653,34.162357,58,16463,3
洛可可蛋糕坊（行政中心店）,4.9,108.952457,34.339880,81,1501,4
唐乐宫-法兰西百谷特面包屋,4.5,108.947116,34.235844,28,5326,5
王魁腊汁肉夹馍（柿园路店）,3.9,108.983610,34.259177,13,2189,1
洛可可生日蛋糕坊（胡家庙店）,5.0,108.993367,34.278424,45,356,4
老北京烤鸭（东厅门店）,4.1,108.959642,34.256620,36,1533,1
上岛咖啡（凤城四路店）,3.9,108.925646,34.325565,58,4551,1
洛可可生日蛋糕坊（三桥店）,5.0,108.833560,34.292595,50,1267,4
金瑞坊炝锅鱼,4.3,108.924953,34.161779,38,4989,5
清真食尚旋转自助火锅,4.2,108.942982,34.266694,31,4082,5
洛可可生日蛋糕坊（龙首印象城店）,5.0,108.948416,34.294737,72,2868,4
菜客·陕菜,3.9,108.935901,34.252767,41,7078,1
千福聚北京果木烤鸭（丰登路店）,4.7,108.894647,34.256643,26,2629,4
小蚂蚁海鲜烧烤,4.7,108.943576,34.258200,58,15,4
维克蛋糕（西稍门店）,3.8,108.921817,34.258431,44,1031,1
熙裕阁中国兰州牛肉拉面馆,4.3,108.947608,34.279293,10,14497,3
兰州马子禄牛肉面,4.3,108.937749,34.322412,22,5950,5
三顾香牛羊肉泡馍（凤城六路店）,4.2,108.949118,34.333655,29,4804,5
三原老黄家（文艺路店）,3.8,108.956259,34.241811,51,1038,1
毛记冒菜（高新店）,4.3,108.872185,34.245183,16,2623,5
大秦山庄,3.5,108.901394,34.053009,61,4,1
清真渔坊秘制烤鱼,4.9,108.932330,34.264692,40,2732,4
第一佳大鸡排（长安广场店）,4.3,108.930515,34.159060,14,2848,5
啊布串串火锅,3.0,109.021186,34.206418,40,1,1
北京涮羊肉,3.9,108.938379,34.224632,39,6891,1
迈德思客（潘村店）,4.3,109.081423,34.230714,10,5931,5
福苗小骆驼烧烤（曲江店）,4.1,108.957389,34.211506,84,1187,1
龙腾火锅（泾渭店）,4.1,108.976761,34.440220,66,6165,1
ccake蛋糕（高新店）,4.9,108.903900,34.221184,61,2619,4
福苗小骆驼烧烤（高新店）,4.3,108.880694,34.243199,91,1691,5
挞挞家秘汁焖锅（立丰店）,4.4,108.997999,34.247211,47,2253,5
臻膳轩自助涮烤城,3.9,108.945291,34.160664,40,6378,1
洛可可生日蛋糕坊（太华南路店）,5.0,108.975139,34.291502,79,747,4
姚家闻香铁锅炖（纺一路店）,4.2,109.072038,34.272333,44,2334,5
玉肠香葫芦头泡馍,3.9,108.935268,34.292818,21,7678,1
安妮贝可生日蛋糕（南稍门店）,5.0,108.945014,34.244473,45,328,4
爱尚蛋糕,3.9,108.939070,34.328386,37,3171,1
张记老蒲城羊肉,4.2,108.929997,34.324887,38,3014,5
萤初炉端烧（四海唐人街分店）,4.5,108.971822,34.321513,200,18,5
天下第一面（大雁塔北广场店）,4.9,108.962672,34.219890,40,4908,4
王锦记冒菜香锅（陕科大店）,3.9,108.981001,34.381904,19,2424,1
洛可可生日蛋糕坊（土门店）,5.0,108.877260,34.264767,80,717,4
玲祥大盘鸡,5.0,109.198206,34.382667,32,503,4
福气焖锅烤肉,4.4,108.950890,34.222711,35,1103,5
锡林阿玛冰煮羊（汉神广场店）,4.9,108.936556,34.339341,84,221,4
安旗西点（蓝田店）,3.8,109.315610,34.153920,13,1574,1
干锅居（电子正街店）,3.7,108.919793,34.205912,54,4039,1
渝香楼,3.0,103.875763,30.582340,50,3,1
喵星人的猫咖啡,4.9,108.920014,34.202385,41,1086,4
北京烤鸭（徐家庄店）,4.6,108.909260,34.223930,46,1736,5
洛可可生日蛋糕坊（民乐园店）,5.0,108.963210,34.265526,56,903,4
北京烤鸭（长缨东路店）,4.4,109.003279,34.277253,54,2200,5
阿姨奶茶专卖（小寨店）,4.9,108.947608,34.225305,8,822,4
洛可可生日蛋糕坊（西稍门店）,5.0,108.919263,34.261811,84,397,4
闻道听香火锅,4.4,108.916605,34.204868,58,2645,5
伊诺仕蛋糕,4.7,108.941196,34.227272,73,3397,4
土耳其卡巴布清真餐厅（西安店）,4.3,108.945692,34.177832,41,2276,5
云南过桥米线（解放路店）,3.7,108.963331,34.262659,24,7188,1
洛可可蛋糕坊（半坡店）,5.0,109.057654,34.274740,66,1204,4
金皇冠蛋糕,4.8,108.841914,34.297625,50,2652,4
桥头米线涮牛肚,4.3,108.982914,34.263448,15,1307,5
洛可可生日蛋糕坊（小寨店）,5.0,108.926057,34.219769,74,591,4
臻味醉淡泊铜锅涮肉（含光门店）,4.5,108.928114,34.252537,90,1214,5
三姊妹香辣土豆片夹馍（海港城店）,4.4,108.947608,34.225305,6,4122,5
贝尔莉莎艺术蛋糕（全国总店）,5.0,108.935583,34.295020,129,661,4
ME CAKE蛋糕·西点,4.2,108.870599,34.278011,77,2375,5
莲花餐饮（高新店）,4.9,108.896904,34.218792,61,1132,4
维也纳咖啡,4.1,108.937679,34.340962,52,737,1
马有才牛肉拉面,4.4,108.947193,34.333440,12,10994,3
悦宾楼（半坡艺术区店）,3.0,109.057945,34.270895,50,1,1
香客源自助火锅城（八府庄园店）,3.6,108.980843,34.290726,27,1868,1
兄弟大灶台-大庆路店,4.2,108.854029,34.268874,59,1496,5
小谷姐姐麻辣拌·麻辣烫（华夏幸福广场店）,4.9,109.060107,34.252078,20,19,4
食色火锅（高新店）,4.7,108.872840,34.237848,65,1716,4
聚朋自助火锅,4.0,108.966968,34.268449,21,2262,1
御品馋猫砂锅麻辣烫,3.5,108.908319,34.216149,24,1,1
小伙伴铜盘火锅（互助路店）,4.7,108.996713,34.260214,46,1267,4
重庆渝味晓宇火锅（粉巷店）,4.4,108.941814,34.255612,95,6877,5
大千麻辣鱼,3.5,108.814084,34.032726,86,3,1
老单家葫芦头泡馍,4.5,108.949181,34.332265,18,3928,5
关中大锅炖（灞桥区店）,4.5,109.096367,34.227986,36,1473,5
楼北楼牛羊肉泡馍（大差市店）,4.1,108.964172,34.258184,27,2688,1
Enoch Cake 以诺蛋糕,3.9,108.876771,34.240399,65,1360,1
清真奥斯曼大盘鸡砂锅,4.6,108.943353,34.266924,25,39,5
福临北京烤鸭（韦曲西街店）,4.2,108.941627,34.161573,50,2076,5
悠味烘焙坊（三桥店）,4.1,108.831370,34.289168,59,1718,1
ccake蛋糕（环城北路店）,4.9,109.214874,34.371090,53,252,4
鲜羔楼三味火锅,4.4,108.825445,34.252499,63,3398,5
拾堂（土门店）,4.0,108.871692,34.261529,40,1321,1
聚福生葫芦头,4.0,108.960761,34.341883,29,1594,1
望江楼饭庄,4.2,108.951540,34.333566,30,2410,5
ccake蛋糕（交大乐居场店）,4.9,108.976066,34.243867,71,1992,4
老机场重庆跳水鱼老店,3.9,108.908006,34.257168,58,1184,1
京都肉饼王,4.9,108.948863,34.205027,12,3783,4
花语溪（西安小寨店）,4.7,108.941210,34.226420,83,10,4
中田餐饮古城老菜馆（华东店）,4.4,108.945511,34.203182,38,2126,5
醉仙楼,4.3,109.095560,34.535013,30,1179,5
黑土情酱骨庄,4.0,108.912946,34.214447,36,939,1
希雅美烘焙（三十米路店）,4.3,109.319160,34.143112,18,1765,5
春阳茶事（gogo街区店）,4.6,108.911569,34.157815,17,24,5
诚净和,4.2,109.094955,34.533214,33,951,5
荷韵泡姜鸡特色火锅（凤城五路店）,4.3,108.948134,34.331213,51,1254,5
灞原嘹咋咧面馆（万科店）,4.5,108.893807,34.163780,17,16,5
员苑咖啡,4.4,108.946280,34.261467,32,717,5
Cake Talk 心语蛋糕房（纺织城店）,4.7,109.056254,34.276690,29,2158,4
串妹花式冰粉（西安凤城三路店）,4.9,108.959570,34.321675,10,60,4
清真尚品旋转自助火锅,4.1,108.940435,34.264535,33,1616,1
田园泡芙（兴庆公园店）,4.2,108.981373,34.250930,10,5324,5
食YUE,4.9,108.949017,34.257156,22,267,4
佳美蛋糕（洪庆店）,4.1,109.118356,34.313273,60,2203,1
老狼大盘鸡（徐家庄店）,3.5,108.910995,34.228442,32,1521,1
虎子水盆羊肉,4.9,108.956500,34.220086,36,1990,4
林江鲜米线店,4.3,109.011703,34.268772,15,1283,5
铭香楼蒲城水盆羊肉,4.2,108.886532,34.212538,29,982,5
彭府湾（劳动路店）,4.8,108.910519,34.269363,12,154,4
㝇香过桥米线,4.2,109.222408,34.376123,10,827,5
面道,4.5,108.935105,34.158520,13,1690,5
Paris Sweet网红生日蛋糕,4.5,108.939141,34.146435,100,26,5
旗王蛋糕,4.7,108.880564,34.264437,40,1665,4
老柳大块牛肉面,3.9,109.014379,34.267276,15,1467,1
谷田缘八宝粥家常菜,4.9,108.974879,34.258307,9,276,4
红红鱼庄,4.0,109.020875,34.259167,42,880,1
分享时光（中贸广场店）,3.7,108.945959,34.244641,34,1826,1
滚雪球小奶糕,4.2,108.965836,34.246090,12,436,5
中田美食（师大路店）,4.5,108.950476,34.205152,29,1870,5
拴马桩擀面皮（凤城十路店）,4.7,108.940171,34.350652,20,36,4
屋头串串（长安店）,4.4,108.881945,34.163167,50,2428,5
西安唐隆国际酒店百香西餐厅,3.8,108.965218,34.196431,183,1036,1
FUN COFFEE梵咖啡,4.0,108.936229,34.261119,30,5,1
麦香村蛋糕,3.9,109.316921,34.156769,12,1098,1
辣动时代自助小火锅（东辛庄店）,3.8,108.876771,34.240399,28,730,1
傻得冒冒菜馆（西荷店）,3.8,108.927417,34.235367,20,1489,1
澄城张记水盆羊肉,3.9,108.894534,34.262822,22,1031,1
川王府,4.2,108.219849,34.157819,35,467,5
同盛德泡馍,3.6,108.958390,34.222637,32,1955,1
香香大盘鸡,4.9,108.945511,34.203182,35,2089,4
酒串·串串香火锅店（龙首店）,4.9,108.946829,34.292398,41,1133,4
珍味林饺子馆（华旗国际广场店）,4.3,108.947236,34.221610,14,982,5
新美心蛋糕,4.7,108.841468,34.300505,24,747,4
小山峡巫山烤全鱼纸包鱼,4.1,108.957326,34.226472,25,6022,1
拓氏云南生态石锅鱼（建国路店）,4.9,108.967432,34.253272,79,1030,4
咖啡陪你（逸翠园店）,4.2,119.929878,31.643923,39,561,5
尚品蛋糕,4.2,109.004461,34.444942,15,1247,5
同州大老碗手擀面,4.4,108.877560,34.161501,14,834,5
思味蛋糕屋（龙首路店）,3.8,108.948105,34.290293,44,902,1
湖南土菜馆,3.8,108.863124,34.237162,39,812,1
食色Shesoul 港式料理（立丰国际店）,4.9,108.997345,34.248314,55,1631,4
你懂的西饼屋,4.3,109.101162,34.528937,30,640,5
三鲜葫芦头泡馍,3.8,108.874456,34.192343,19,1028,1
尕娃椒麻鸡（龙首村店）,4.7,108.943358,34.292861,26,1483,4
重庆德庄火锅（周至店）,5.0,108.232262,34.159072,51,1049,4
米乐西饼店,4.1,109.316144,34.159207,10,884,1
金乐爱特蛋糕（太白南路店）,4.2,108.900556,34.202276,34,1452,5
启明腊汁肉揪面片,4.8,108.956500,34.222629,19,923,4
阿霞螺蛳粉（高新店）,3.9,108.903979,34.220738,16,1361,1
东北人自助小火锅（下北街店）,3.9,109.214828,34.373076,18,681,1
四季香葫芦头,4.1,109.210921,34.372518,19,1217,1
四季尚品西饼屋,4.1,108.900440,34.220480,40,3032,1
三姐香辣涮冒菜世家,3.9,108.962953,34.257334,23,2089,1
云毅过桥米线,3.8,108.907562,34.233601,20,538,1
虎子鱻石锅鱼,4.0,108.889383,34.266522,57,755,1
油泼辣子biangbiang面,4.5,108.972208,34.246106,12,339,5
T·ONOR欧诺蛋糕,5.0,108.991926,34.267235,77,1442,4
沸腾鱼庄,4.4,108.873041,34.233267,54,807,5
维斯特蛋糕,3.8,108.877275,34.250342,72,7406,1
小天地川菜主题餐厅,4.9,108.909782,34.156799,39,945,4
福春缘葫芦头,4.9,108.949041,34.333313,27,1621,4
曹记重庆老火锅,4.3,114.339624,29.850279,59,584,5
奶语茶香（长安广场店）,4.4,108.930515,34.159060,9,1357,5
香叶草创意蛋糕（西稍门店）,4.7,108.913164,34.262632,80,801,4
西府面馆（省体育场店）,4.2,108.939830,34.234781,12,798,5
思彤驴蹄子面（长安西路旗舰店）,4.8,108.936142,34.189089,15,593,4
思氏横山铁锅炖羊肉,4.2,108.960387,34.322073,62,1761,5
元木烘焙蛋糕坊（五路口万达店）,4.1,108.966087,34.269446,26,2005,1
老东关饺子店,4.3,109.003229,34.246703,20,474,5
小竹签烤肉（自强西路旗舰店）,4.0,108.940068,34.279901,47,1266,1
清真金龍大盘鸡,4.4,108.942417,34.264355,42,439,5
老白家牛羊肉泡馍,4.3,108.968371,34.273566,23,475,5
秦轩澄城水盆羊肉（北三环店）,4.5,108.980487,34.370561,26,1387,5
艾米客蛋糕,3.9,108.942816,34.148024,10,1075,1
乐享食光烘焙工坊（十里铺店）,3.7,109.026132,34.299979,14,1479,1
安旗（广安路店）,4.1,109.015349,34.309776,29,454,1
汉釜宫韩式自助烧烤火锅,3.3,109.111238,21.471796,36,2273,1
乐美客炸鸡汉堡（西翻店）,3.9,109.005876,34.024016,22,900,1
月盛斋,4.6,103.875763,30.582340,25,821,5
张记饺子馆,4.4,109.218873,34.380108,10,1173,5
馋喵海鲜私房馆,4.8,109.200781,34.382574,31,431,4
白菜心（高陵店）,4.3,109.096317,34.533886,45,774,5
和憩园火锅坊,4.4,108.992298,34.320908,55,159,5
洪家脊骨汤,3.9,108.876836,34.194816,57,225,1
同麦德老任家泡馍,3.4,108.884869,34.212744,35,453,1
7273猫屁股猫咪西餐Coffee桌游（长安广场店）,4.9,109.463028,36.619962,37,967,4
RF正宗重庆鸡公煲（高陵店）,5.0,109.006910,34.466031,22,1030,4
沃稞面包工厂店（赛高街区店）,4.1,108.938391,34.329673,21,4043,1
大嘻咹biangbiang面（柏树林店）,4.8,108.954190,34.255476,17,2071,4
彤德莱（小寨师大店）,4.9,108.945143,34.203482,55,4732,4
恩希家农家乐（上王村店）,4.7,108.840532,34.047883,47,705,4
宝龙雪花·陕北传统杂粮小吃（朱宏路店）,4.6,108.913442,34.335038,5,159,5
袁记肉夹馍,4.1,109.217020,34.369240,16,1109,1
思刻鲜作蛋糕工坊（龙首店）,4.3,108.945567,34.300342,80,640,5
碰碰凉,4.2,109.316528,34.158484,12,1992,5
麦香园蛋糕,4.7,108.928127,34.204620,60,142,4
重庆鸡公煲（席王路店）,3.9,109.069099,34.287121,25,770,1
乐滋西点,3.7,109.234161,34.663673,18,241,1
第五咖啡（劳动路西缆店）,3.9,108.909641,34.267388,40,461,1
紫来轩,4.8,108.928450,34.206040,24,755,4
古搜咖啡,4.5,108.885732,34.197773,50,292,5
风启达蛋糕（未央店）,4.1,87.636152,43.783545,75,648,1
赛尚西饼,4.1,108.894123,34.266459,15,506,1
70年代土灶台一锅炖,4.7,108.954661,34.142766,40,459,4
汉中黄辣丁私房菜馆,4.9,108.977015,34.258690,45,278,4
YJ重庆鸡公煲,3.7,109.238081,34.661897,28,299,1
8090私房火锅,4.6,108.915434,34.372098,46,425,5
唐顺肥牛（电子四路店）,3.7,108.916602,34.204769,60,1442,1
毛妈妈串串火锅（科技路西口店）,4.3,108.874650,34.237784,46,468,5
味品轩蛋糕屋（西大街店）,3.9,108.929072,34.255561,50,878,1
味香特蛋糕,4.5,109.088742,34.526671,15,308,5
左右奶茶,4.3,109.009917,34.253842,10,65,5
巧夫人云南过桥米线,4.2,109.030464,34.287488,12,336,5
欧菲克生日蛋糕（民乐园店）,4.9,108.967989,34.271968,89,4375,4
梅姐烧烤海鲜·手工水饺,4.0,108.909692,34.263493,43,140,1
老上海蛋糕,4.7,109.011163,34.462308,10,491,4
大家烤羊庄（大雁塔店）,4.5,108.962672,34.219890,118,407,5
老唐红鸭脖（朱雀门店）,4.8,108.939392,34.250260,10,320,4
蒙古王烤羊腿（北郊店）,3.9,108.936884,34.289372,56,302,1
农耕年代,4.3,109.104068,34.212932,44,281,5
麦啦屋西饼房（麦芝香店）,4.1,108.976266,34.257171,27,144,1
曲江国际饭店餐厅,4.0,108.980473,34.224329,123,816,1
云端咖啡,4.6,109.104013,34.526128,28,126,5
老味道蛋糕坊,4.6,108.830147,34.286430,70,604,5
楚湘人家,3.7,108.978000,34.260667,49,823,1
老刘家葫芦头泡馍,4.7,108.951574,34.280279,21,612,4
天佑国际酒店贵宾楼,4.9,108.888829,34.259178,51,320,4
汤峪温馨农家乐,5.0,109.220249,34.016208,33,138,4
蒂奥莎烘焙（凤城九路店）,4.1,108.924564,34.349402,15,174,1
重庆火辣辣鱼庄,4.0,108.814514,34.038235,76,199,1
香川人家,4.2,108.942263,34.148998,39,215,5
微甜生活,4.8,109.057945,34.270895,55,1428,4
无水猪蹄,4.3,108.886132,34.245436,22,115,5
蜀椒鱼妹私房小馆,4.8,108.935403,34.202017,59,670,4
重庆鸡公煲（三桥店）,3.9,108.830709,34.288418,29,180,1
川福小厨,4.2,108.868160,34.159650,27,78,5
袁记肉夹馍（曲江店）,3.8,108.982598,34.220019,18,908,1
外婆家私房火锅,4.7,108.924663,34.234122,69,66,4
瑞云蛋糕房,4.2,108.211234,34.161753,45,49,5
顺风肥牛（雁翔路店）,4.9,108.989642,34.237233,56,12734,3
炉诱·香辣烤鱼（建设西路金萨店）,4.4,108.960124,34.236297,50,10819,3
盛运涮烤自助餐厅（电子正街店）,4.3,108.919093,34.199471,50,35089,2
同盛祥（凤城五路店）,4.7,108.941228,34.329207,33,7445,3
82°C魔力焖锅（赛格国际店）,4.2,108.947616,34.223172,79,20791,2
飞鹿火锅,4.9,108.927770,34.270592,64,3631,4
一尊皇牛（文艺路店）,4.2,108.954717,34.241577,68,9138,5
李想大虾（会昌路店）,4.0,109.223999,34.377207,45,11232,1
京祥铜锅涮肉,4.2,108.909657,34.257817,59,3427,5
黄记煌三汁焖锅（民乐园万达店）,3.6,108.964952,34.268620,83,9264,1
鼎尚鲜火锅传奇（南长安街店）,4.3,108.947254,34.234099,79,4340,5
麻辣空间（咖啡街区店）,4.1,108.913840,34.231187,86,3782,1
洪氏嗨捞·新派猪肚鸡（赛格国际店）,4.9,108.947616,34.223172,73,8548,4
好利来（万科店）,4.5,108.837712,34.128283,38,2498,5
德发长饺子（钟楼店）,4.0,108.945845,34.260435,89,11386,1
渔歌·活鱼现烤（龙首盛龙店）,4.1,108.946380,34.300446,54,11354,1
国花君为善餐饮,4.1,108.947701,34.265870,49,7135,1
巷子火锅,4.1,108.946983,34.226946,88,12494,1
同鑫楼炝锅鱼（西寨店）,4.1,108.946568,34.145981,40,5867,1
锦里火锅（红旗店）,4.4,108.965803,34.347776,68,3130,5
大队长主题火锅（凤城八路店）,4.5,108.937434,34.345283,81,12122,3
麻辣空间（绿地世纪城店）,4.0,119.931252,31.765478,89,4718,1
红透天自助涮烤（韦曲店）,3.9,108.936107,34.162578,34,27958,2
清真叁少野涮锅烧烤（民乐园店）,4.5,108.963639,34.264117,76,826,5
竹园村（劳动南路店）,4.0,108.910262,34.239629,82,8302,1
新辣道鱼火锅（李家村店）,4.0,108.961838,34.243512,80,9177,1
CoCo都可（民乐园万达店）,4.4,108.964952,34.268620,9,7854,5
玉海港2068香辣虾（鱼化分店）,3.1,108.872840,34.237848,62,21778,2
伯爵工房（大寨路店）,4.1,108.868642,34.245577,48,7148,1
李想大虾火锅花园（长百新市店）,3.8,108.931953,34.162461,50,16805,2
大红袍重庆老火锅（临潼店）,4.1,109.214986,34.376800,57,2792,1
御品轩（城东客运站店）,3.9,109.069450,34.279240,28,3888,1
鸭掌门特色火锅（文景路店）,3.9,108.936682,34.325112,58,8696,1
秦风肥牛（阳阳国际店）,4.0,108.937652,34.217516,81,8998,1
CoCo都可（小寨赛格店）,4.3,108.948340,34.223870,13,13860,3
伯爵工房（明德门店）,4.1,108.938723,34.205987,34,4634,1
赛味尔蛋糕,4.7,109.204007,34.370063,32,3418,4
仟禧自助涮烤（田王店）,3.7,109.117312,34.304000,48,5764,1
小浪花自助涮烤,4.0,108.942785,34.269849,45,10487,1
土大力烤肉名家（银泰百货店）,3.9,108.942738,34.258762,57,3465,1
藏式秘汁烤鱼（中贸广场店）,3.9,108.945493,34.242589,61,3939,1
重庆四姐火锅,4.0,108.936423,34.165285,81,4810,1
北京老胡同烤鸭（朱雀门店）,4.0,108.938694,34.254094,67,10012,1
麦多馅饼,4.5,108.980591,34.381250,7,3228,5
鲜上鲜文鱼庄（阳阳国际店）,3.8,108.937464,34.217078,88,2687,1
白鹿原猪蹄坊,4.1,108.923828,34.250293,47,5834,1
王府臻品火锅（长安街店）,4.5,108.941013,34.155780,58,5360,5
乡村基（长乐店）,3.9,108.985048,34.269123,25,8369,1
壮仔龙虾,4.9,108.961047,34.258749,60,2283,4
杨翔豆皮涮牛肚（明德门店）,4.9,108.938754,34.203343,51,7423,4
重庆地瓜老火锅,4.9,108.925646,34.325565,66,4135,4
仟禧自助涮烤（高陵店）,3.8,109.087865,34.532232,37,3187,1
玛喜达韩国年糕料理（民生百货店）,4.6,108.950502,34.258160,42,15955,3
韩味坊牛排自助（长安中央广场店）,4.3,108.937148,34.157479,48,23001,2
汉拿山（大明宫万达广场店）,4.0,108.972719,34.315418,82,5138,1
御品轩（临潼唐宫坊店）,4.2,109.224175,34.377913,21,2873,5
顶牛兰州牛肉拉面（金花路店）,4.8,108.996473,34.251113,13,8895,3
苏浙会馆（高新店）,3.9,108.906643,34.239798,98,895,1
聚丰苑北京烤鸭（大明宫店）,3.8,108.970228,34.313724,55,3018,1
李想大虾火锅花园（万年路店）,4.0,109.002094,34.270089,46,8071,1
田园牧歌饭庄,4.6,109.222580,34.385275,27,2126,5
九锅一堂（小寨赛格店）,3.8,108.947616,34.223172,39,10410,1
雅泰来中西餐（解放路店）,3.8,108.963413,34.263760,52,3871,1
宽塘·蛙哥虾妹（小寨臻选店）,4.0,108.947956,34.223097,68,7737,1
嘻范·湖南菜 剁椒鱼头（凤城五路店）,4.3,108.937667,34.329799,46,750,5
清真重庆巴爷香辣鸡煲（南小巷店）,3.8,108.917043,34.259440,50,2021,1
安旗蛋糕（城东旗舰店）,4.0,109.013057,34.269596,23,1407,1
福泰宫,4.0,108.867698,34.277131,46,4003,1
万和源炝锅鱼·活鱼现炝（吉祥路店）,4.4,108.922914,34.222834,53,1902,5
小阿妹米线（李家村店）,4.4,108.964455,34.247274,22,4873,5
赛百味（高新店）,4.0,108.907149,34.234458,26,4051,1
多乐客披萨（小寨店）,4.3,108.947607,34.227231,30,1994,5
味立方煎饼屋（电子正街店）,3.9,108.918799,34.205996,40,3662,1
福聚长饺子馆,4.5,108.816416,34.300227,17,1546,5
赵家腊汁肉（小寨店）,4.2,108.946758,34.225515,14,3543,5
渝老道火锅,4.2,119.929878,31.643923,88,738,5
吉美诺蛋糕（公园北路店）,4.0,109.006287,34.270325,34,2572,1
泰熙家（飞炫店）,4.3,108.944753,34.225178,30,3025,5
王婆大虾,4.1,109.216077,34.376781,44,4430,1
中国重庆老版火锅（科技店）,4.1,108.907657,34.229700,87,2943,1
名羊天下陕北横山铁锅炖羊肉（博文路店）,4.4,108.903110,34.224934,62,2724,5
毅祥斋老孙家泡馍（西羊市店）,4.2,108.941910,34.263101,22,33637,2
纳家楼·新陕菜（矿山路店）,4.3,108.998853,34.302308,40,1630,5
鲜上鲜文鱼庄（高新路店）,3.7,108.894196,34.217800,85,1461,1
城市运动公园茶餐厅,4.2,108.943212,34.346039,35,975,5
伯爵工房（桃园路店）,4.1,108.899977,34.257884,42,1909,1
藏式秘汁烤鱼（西北国际茶城店）,4.5,108.997175,34.268527,61,2946,5
飘香盛世小阿妹米线（紫薇龙腾店）,4.1,108.917114,34.226374,24,4246,1
门里香葫芦头泡馍馆,4.1,108.970299,34.312588,16,4472,1
德圣咖啡（玉祥门店）,4.2,108.916648,34.269807,44,4587,5
谷麦滋（文化东路店）,4.7,109.216077,34.376781,15,3827,4
马勇牛羊肉,4.9,108.918733,34.246118,48,2699,4
唐武大盘鸡,4.2,109.217140,34.369200,29,2896,5
牛一嘴·中国兰州牛肉拉面（雁南四路店）,4.7,108.969599,34.197499,17,8077,3
泰熙家（中贸店）,4.2,108.945493,34.242589,29,1836,5
七十二行·巴蜀锦筵餐饮,4.4,108.956955,34.229358,67,2796,5
清真·马骥家泡馍,3.9,108.938699,34.225131,38,5233,1
Mr pig·借蹄发挥（万和城店）,4.7,108.994647,34.278840,16,2374,4
飘香盛世小阿妹米线（建工路人人乐店）,4.3,109.007375,34.243821,22,2867,5
张氏宽窄巷成都名小吃（中贸店）,3.7,108.945479,34.242337,27,2023,1
饮长安（东仪路店）,4.0,108.928675,34.196262,39,2732,1
蜀江烤鱼（大明宫万达广场店）,4.1,108.972710,34.315423,75,9858,1
小阿妹米线（公园南路北口店）,3.9,109.007541,34.258579,22,6275,1
凌云餐厅,4.8,109.095260,34.532215,25,437,4
刘小厨·陕西菜（科技二路店）,4.7,108.906678,34.215932,46,5100,4
顺峰（唐延路店）,4.2,108.890423,34.240098,158,1224,5
New Day cake新一天烘焙工作室,4.8,108.892160,34.213730,64,1002,4
刘大饼香辣土豆片夹馍（鱼化店）,4.1,108.866998,34.233588,9,4081,1
顺峰（南二环店）,4.5,108.993503,34.241382,159,1684,5
帝都天元酒店（餐饮部）,4.2,109.117229,34.314858,61,606,5
玉涮坊老北京涮肉·羊蝎子（建工路总店）,4.5,109.009030,34.245091,52,3222,5
家阖百岁鱼（浐灞半岛店）,4.3,109.038380,34.321059,50,2688,5
彼岸咖啡,4.7,109.006342,34.441801,34,321,4
宽窄巷成都名小吃（龙湖星悦荟购物中心店）,3.8,108.919858,34.285510,29,3213,1
啃啃cake for you,4.4,108.901813,34.201968,129,1579,5
禾绿回转寿司（民乐园店）,3.4,108.964952,34.268620,84,1209,1
华美烘焙,4.3,108.925508,34.221159,63,1435,5
彤德莱（立新街店）,4.9,108.942007,34.270311,53,3130,4
牛一嘴·中国兰州牛肉拉面（凤城九路店）,3.8,108.937712,34.350293,15,7578,1
德泰楼陕菜馆,4.5,108.937417,34.269987,44,2276,5
美好时光凯斯乐蛋糕店,4.9,108.944081,34.246247,42,1693,4
清真超香米线,4.5,108.930797,34.261051,18,1294,5
川人百味（李家村万达店）,3.7,108.960540,34.243889,40,6725,1
站亭（小寨赛格店）,3.6,108.947616,34.223172,21,2542,1
金彤川菜（西稍门店）,3.9,108.920265,34.259105,42,1573,1
泰熙家（龙湖星悦荟店）,3.9,108.919720,34.285505,29,1491,1
大厨小馆（绿地店）,3.9,108.872576,34.196676,46,790,1
和記丸子専買,4.5,108.947636,34.225333,10,3103,5
巨炉烤吧（科技路店）,4.3,108.935889,34.229057,55,3054,5
梨园宫剧院餐厅,4.3,108.909271,34.286236,72,834,5
西羊市老米家泡馍（环城南路店）,3.9,108.957048,34.250720,40,5903,1
糊涂记（文景店）,4.3,108.937472,34.343400,30,2358,5
旺顺阁鱼头泡饼（财富中心店）,4.1,108.902130,34.241165,104,737,1
鲜红家美食餐厅,4.3,108.881945,34.163167,29,2421,5
楼兰古丽新疆菜（文景路汉神店）,4.5,108.936556,34.339341,48,3278,5
大厨小馆（世家星城店）,4.0,108.927806,34.192576,47,1022,1
蓉李记成都名小吃（李家村万达店）,3.8,108.960540,34.243889,29,2717,1
SOMA蛋糕,4.5,109.070916,34.261117,55,825,5
刘大饼香辣土豆片夹馍（长安店）,3.7,108.944668,34.158006,6,2783,1
上野日本料理（南新街店）,4.1,108.953891,34.261241,59,1771,1
韩记饺子馆,4.2,108.932650,34.326363,15,3001,5
德克士（临潼2店）,4.0,109.224783,34.376961,24,2948,1
天宇菲尔德花园餐厅,4.0,108.968868,34.170952,129,2216,1
巷子里市井火锅,4.4,108.946550,34.315412,49,812,5
面根面,3.9,108.972606,34.244982,26,3478,1
太平洋咖啡（大唐西市店）,4.1,108.909777,34.245300,42,1102,1
北京老铺烤鸭（高新店）,3.8,108.881717,34.237254,68,2161,1
迈德思客（车站店）,3.9,109.062933,34.299807,16,3773,1
迈德思客•汉堡•烤全鸡（临潼店）,4.4,109.192635,34.371074,19,1797,5
天悦烤鸭精品家常菜（长乐店）,4.0,109.005956,34.269171,49,2800,1
胖子牛羊肉（边西街店）,4.9,108.926480,34.244126,80,2122,4
天方食府,4.1,108.838000,34.122100,37,1199,1
上岛咖啡（紫郡长安店）,3.8,108.938814,34.192462,76,2741,1
清真胖小李火锅（民乐园店）,4.6,108.380638,34.088447,40,3519,5
华清爱琴海地中海餐厅,4.0,109.195882,34.369819,196,475,1
上海人家（含光路店）,4.3,108.932065,34.249449,86,1618,5
金桥酒店（西北二路店）,4.7,108.930710,34.270825,47,727,4
SPRCOFFEE（李家村店）,4.1,108.963279,34.244394,30,1130,1
海市阁餐厅,4.2,109.033282,34.314118,35,305,5
大厨小馆（友谊路店）,3.6,108.934376,34.240313,44,555,1
岐风烙面皮,4.3,108.952303,34.256088,18,3043,5
私房菜煎饼天府酸菜鱼,4.0,109.010427,34.445881,28,1743,1
等一个人咖啡馆,4.7,108.943576,34.258200,26,324,4
压壹锅（龙湖星悦荟购物中心店）,3.9,108.992415,34.217584,44,1292,1
秦巴源民间陕菜（龙湖星悦荟购物中心店）,4.5,108.919858,34.285510,39,2427,5
中国兰州牛肉拉面（大寨路店）,4.9,108.885957,34.245467,15,414,4
福茂源陕北铁锅羊肉·烧烤（高新路店）,4.1,108.897433,34.216450,82,2099,1
七里香蒸饺（都市印象店）,3.6,108.873619,34.235019,24,6377,1
大城小鸡黄焖鸡排骨米饭（铁塔寺北街店）,3.6,108.917600,34.264570,15,194,1
迈德思客（郭杜店）,3.8,108.846409,34.273125,15,1953,1
芙利来·网红轻奢蛋糕（石家街店）,4.1,108.990455,34.293096,36,1514,1
鸭掌门特色火锅（长安店）,3.7,108.938544,34.167267,57,4359,1
DQ（解放万达店）,4.4,108.966686,34.266097,31,1603,5
巴黎圣曼蛋糕（东城大道店）,4.7,109.043413,34.293664,50,438,4
赵家腊汁肉（高新总店）,4.1,108.891070,34.238173,15,2055,1
春发芽葫芦头,3.7,108.924434,34.224223,34,1938,1
大益膳房（纺织城店）,4.3,109.071678,34.272545,94,754,5
小哥过桥米线（海港城店）,4.0,108.947314,34.225102,15,1030,1
纳家楼·新陕菜（玄武路店）,4.3,108.948771,34.305138,40,1578,5
猫堂小站猫咪主题馆,4.9,108.947510,34.221921,29,2341,4
胡杨林餐厅,4.1,119.966858,31.758703,48,1313,1
侏罗纪原生态咖啡,4.3,108.963705,34.267409,32,951,5
华元饭庄（柳巷店）,4.8,109.064699,34.301498,30,1161,4
九成香木桶鱼老火锅（科技路店）,3.9,108.872677,34.237645,68,2497,1
古城一品私房开锅羊肉,4.4,108.937630,34.190101,48,467,5
紫燕百味鸡（丈八北路店）,4.3,108.872783,34.248972,19,4278,5
秦皖嫩江鱼,4.0,108.961867,34.305009,42,442,1
腾云铁板烧,4.9,108.949214,34.315604,92,283,4
海江河文鱼火锅,4.7,108.999658,34.299279,81,1247,4
THREE叄壹烘焙,4.5,108.919757,34.285412,40,1610,5
久沐·贵妃醉酒,4.4,108.943235,34.257098,45,2251,5
果果家的鱼（东仪路店）,3.8,108.928141,34.206893,59,3130,1
佰味蜀釜火锅,4.3,108.946769,34.323757,80,1084,5
大益膳房（晶海高新店）,4.4,108.899154,34.245125,132,1013,5
面辣子·陕西家乡菜（西大街店）,4.4,108.930789,34.259233,55,1738,5
老马家泡馍,4.1,108.965262,34.346722,28,2070,1
北京羲和雅苑烤鸭坊（王府井店）,4.0,108.948886,34.249332,102,1539,1
老陈家烩菜（东新街总店）,3.9,108.965980,34.264131,29,549,1
德意西饼屋,3.9,109.213150,34.369338,21,4759,1
hellokitty不是猫蛋糕,5.0,109.188534,34.372433,40,431,4
老关中葫芦头泡馍,4.3,108.954553,34.261207,20,1692,5
名京九味（锦程苑店）,3.6,108.942119,34.309160,29,877,1
重庆鸡公煲,4.6,109.190493,34.369400,24,505,5
百姓厨房（友谊东路店）,3.8,108.986117,34.240973,52,963,1
品啡客,4.5,108.873547,34.236822,25,506,5
云蒙过桥米线（蓝天路店）,4.1,109.212397,34.646000,14,704,1
恬时间,4.3,108.948273,34.294249,44,374,5
巷子火锅,3.9,108.945832,34.167606,44,1125,1
小俩口汉中鱼庄.串串香（纬二街店）,4.4,108.948251,34.218563,62,1331,5
Sevilla cake塞维利亚蛋糕（高新三路店）,4.3,108.901089,34.239812,91,287,5
苏浙会馆（大庆路店）,4.2,108.890055,34.268359,78,570,5
大雄家,4.4,109.082199,34.234666,17,601,5
码头故事（响塘店）,4.4,108.881495,34.242827,68,2855,5
上岛咖啡（小寨店）,4.3,108.948817,34.218749,48,1401,5
米多多烘焙屋,3.9,108.947608,34.225305,38,945,1
关中小厨坊（大明宫万达店）,3.7,108.972719,34.315418,47,2023,1
旺客基黄焖鸡米饭（南窑头店）,4.7,108.883856,34.218301,15,2002,4
辣条印象,4.7,108.944537,34.155729,10,1355,4
和记糖水店（钟楼店）,4.1,108.944915,34.258845,15,655,1
咪咪川菜（太乙路店）,4.9,108.972728,34.240836,51,835,4
拾贰号集装湘,4.1,108.997175,34.268527,40,820,1
祥和虾馆,4.6,109.240798,34.662365,41,474,5
赵家腊汁肉（胡家庙店）,4.2,108.987198,34.277321,17,3334,5
大自在火锅（金莎国际店）,4.0,108.947278,34.225723,89,5402,1
麦德房（端履门店）,3.9,108.954568,34.256247,19,517,1
山城小厨（华旗国际广场店）,4.0,108.947236,34.221610,22,5349,1
真功夫（西安新世界店）,4.0,108.946280,34.261467,25,3228,1
丹荔轩酒店,4.1,108.901312,34.241636,57,528,1
西安调调有家手擀面（万科生活广场店）,3.5,108.893326,34.158469,25,764,1
西安烤鸭店（369烤鸭王店）,4.1,108.988450,34.253841,68,1879,1
唐安餐饮（唐安酒店）,4.3,108.938621,34.305268,52,537,5
全口福大盆骨大碗面,4.3,108.983643,34.451255,31,207,5
秦唐一号西安菜馆,4.1,108.949208,34.255827,49,2304,1
川魏道老灶火锅（三桥店）,4.5,108.831370,34.289168,55,3169,5
彭福记我家菜馆（白沙路店）,4.0,108.912336,34.230870,46,487,1
艺华蛋糕,4.4,108.871040,34.268753,15,369,5
陕味葫芦头,3.8,108.827362,34.292084,18,622,1
尚老幺跳水鱼,4.1,108.903142,34.263378,55,705,1
御品皇三汁焖锅（户县店）,3.3,107.642700,35.738082,61,1051,1
石锅鱼小竹签烤肉（建工路店）,4.0,109.011019,34.242659,44,452,1
四季荟,4.7,108.943340,34.232124,197,2535,4
私房菜煎饼屋,4.1,109.100319,34.533151,30,470,1
咖啡陪你caffebene（交大东南门店）,3.9,108.986817,34.245555,33,481,1
老潼关肉夹馍,4.0,108.879267,34.233861,13,248,1
华创假日酒店·润德私房菜,4.2,108.887591,34.245750,45,606,5
英伦御品（科大店）,3.4,108.979731,34.380124,18,1559,1
牛尚锅串串香,4.1,108.937358,34.161760,58,2406,1
新疆风味餐厅·原安东街26年老店,3.5,108.979350,34.246132,54,569,1
巧手厨娘（广安路店）,4.3,109.015667,34.311250,39,2501,5
强氏喜阿婆粥饼店（东仪路店）,3.5,108.928077,34.209120,37,947,1
阿Q虾尾（菊花园总店）,3.7,108.934235,34.230769,50,816,1
双城乡铁锅炖羊肉（莱安逸境店）,4.3,108.890790,34.246367,86,394,5
膳当家黄焖鸡米饭（西安工业大学店）,4.6,108.990437,34.380059,17,2137,5
云尚咖啡茶语,3.9,108.939364,34.235528,57,505,1
同興福牛羊肉泡馍,4.5,108.939328,34.245759,24,669,5
牛祥天下·中國蘭州牛肉拉麵泡馍（小寨店）,3.8,108.953341,34.225396,17,1477,1
金牌铜锅,4.4,108.939001,34.302274,30,199,5
生日饼屋,4.5,109.319105,34.142776,15,464,5
有酸有辣,3.7,108.930538,34.223428,37,944,1
恒河印度餐厅,4.3,108.966066,34.215691,57,353,5
黑面蔡（西市城购物中心店）,4.6,108.909777,34.245300,9,6295,3
辣动时代自助小火锅（桃园路店）,4.2,108.900939,34.264781,26,672,5
君富莱大酒店,4.1,108.941319,34.311001,59,945,1
新概念文景酒楼,4.1,108.937223,34.315144,54,631,1
千花寿司（灞业大境店）,4.4,109.029424,34.264689,38,197,5
歌思泊咖啡,4.4,108.945493,34.242589,29,1236,5
聚宾楼,4.0,108.886549,34.223265,60,1481,1
东关吉祥腊汁肉夹馍（北关店）,3.8,108.947937,34.279907,11,2440,1
老城印象餐厅,4.3,108.949066,34.289419,35,1110,5
陈二毛肥牛火锅（东郊店）,4.1,109.051953,34.273311,68,934,1
李先生（西安火车站店）,4.5,108.963213,34.275580,22,1598,5
大海子西府民俗村（高新店）,4.1,108.917114,34.226374,45,775,1
京顺福涮锅,3.9,108.964417,34.258940,46,970,1
嘉华鱼火锅,4.1,108.945047,34.167457,35,737,1
孔乙己小馆（王府井百货店）,3.6,108.948886,34.249332,82,490,1
黄食福（唐都店）,4.6,109.060583,34.282179,41,957,5
晋味轩（万兴广场店）,4.4,109.064648,34.262665,46,1009,5
7石咕噜鱼 纸包鱼（郭杜东街店）,3.8,108.869701,34.159970,62,480,1
雲盖茶（汉神购物广场店）,4.4,108.936556,34.339341,17,3725,5
国人川菜（高新店）,3.9,119.929878,31.643923,48,338,1
秦州锅贴馆（建国路店）,4.7,108.965232,34.254885,19,563,4
鸭掌门特色火锅（周至店）,3.3,108.218339,34.157862,31,995,1
怡香秦豆皮涮牛肚（立丰国际店）,3.7,108.997582,34.247406,50,4935,1
康美澄城水盆羊肉,3.8,109.045321,34.318520,24,401,1
川渝人家（时尚店）,4.3,108.919366,34.204311,49,500,5
七婆串串香火锅（李家堡店）,4.4,109.026100,34.300754,37,259,5
川味轩（八府庄店）,3.9,108.986875,34.293500,25,727,1
西岸人文咖啡馆,4.6,109.317211,34.152249,36,230,5
国力仁和川菜（李家村店）,4.0,108.962907,34.244524,51,1697,1
康利来烘焙,4.1,109.094771,34.530906,27,633,1
紫鑫阁饭庄（长安店）,4.1,108.928491,34.158349,81,387,1
花之林人文茶馆私房菜（凤城八路店）,4.7,108.937679,34.340962,57,1219,4
鸿福川菜鱼,4.0,108.939196,34.137703,30,144,1
青都里·司厨（大唐通易坊店）,4.1,108.958047,34.218407,131,1096,1
70年代土灶台餐厅（阎良旗舰店）,4.2,109.213574,34.667692,40,220,5
新元海鲜粥城（西稍门店）,4.5,108.905806,34.251157,62,1109,5
李想大虾火锅花园,4.5,109.239265,34.662650,48,2770,5
逸果（万和城购物中心店）,4.3,108.994647,34.278840,10,1615,5
老北京涮锅,4.3,108.931257,34.261045,50,191,5
天朗森柏大酒店,3.7,108.867425,34.234075,86,474,1
喵cafe·猫咪咖啡（含光店）,4.6,108.933512,34.254397,27,133,5
新鲜空间蛋糕,4.5,108.900697,34.217115,60,593,5
DAIYA黛雅原装进口蛋糕（高新店）,5.0,108.907698,34.236811,129,1440,4
荒岛咖啡厅,4.9,108.962774,34.242318,28,327,4
青都里日本料理（东二环店）,4.1,108.996260,34.244362,104,1528,1
美蛙耗儿鱼天天小厨（长乐公园店）,4.7,109.001294,34.263623,58,230,4
味道私语（红旗小区店）,3.9,109.238749,34.654162,30,455,1
味品轩西饼屋（西北大学店）,4.6,108.923464,34.241153,50,333,5
韶山村湖南土菜馆,3.8,108.937232,34.162264,27,213,1
赵记腊汁肉店（凤华路店）,4.5,108.933894,34.323563,15,2997,5
民俗百家姓饭店,3.8,109.062752,34.270747,43,642,1
丽都名人食府,4.0,108.872587,34.240910,52,1439,1
名典咖啡语茶（长安店）,3.7,108.926477,34.156903,56,593,1
壹家韩品（中贸广场店）,4.4,108.946431,34.242517,28,1051,5
大秦老碗搅团（大秦店）,4.9,108.826107,34.264335,53,364,4
清真华宇开锅羊肉,4.8,108.927573,34.328890,67,569,4
澄吉轩澄城老孙水盆羊肉（光华路店）,4.4,108.919386,34.228406,25,823,5
迈德思客（子午镇店）,3.8,108.901394,34.053009,17,579,1
锅总裁傻得冒·冒菜,4.1,109.066113,34.258525,25,1814,1
重庆鸡公煲（盛世商都店）,4.3,108.947100,34.223246,31,271,5
三味渔府（红庙坡店）,4.6,108.921586,34.283986,84,494,5
迈德思客（思源学院店）,4.2,109.079791,34.235194,14,94,5
真爱骊山之大秦小宴,4.4,109.179368,34.366418,115,854,5
玖味香煎饼屋（交大店）,4.2,108.986117,34.240973,35,459,5
百代鸡（北大街秋林店）,4.3,108.947444,34.272556,22,1045,5
澄城水盆羊肉,3.8,108.928735,34.217992,25,733,1
鮮芋仙（新世界百货店）,4.2,108.942758,34.260578,28,797,5
大自在火锅（三桥店）,4.4,108.824016,34.259261,82,1138,5
70年代土灶台,3.9,109.231121,34.382400,30,334,1
骊山十三花民俗餐厅,4.5,109.259722,34.413941,61,206,5
米旗（科技路西口店）,3.7,108.873245,34.236985,22,589,1
田味记秘制花甲,4.9,108.938163,34.249545,20,916,4
辣人张传奇菌香大盘鸡大盆骨（建章路总店）,4.4,108.838848,34.310141,25,1180,5
阿庆驴肉馆,4.3,108.958644,34.326345,63,96,5
LJ重庆鸡公煲,4.3,108.837486,34.128848,25,392,5
千福聚北京果木烤鸭（三桥店）,4.2,108.830110,34.288535,17,1157,5
绿梦（金花路理工大店）,4.2,108.996297,34.254394,20,3918,5
客满堂石锅鱼,3.9,109.222639,34.375936,30,1091,1
花之林人文茶馆私房菜（高新店）,4.4,108.892679,34.215547,54,1093,5
老跳跳水鱼· 馋嘴蛙,3.6,108.905738,34.249923,83,3046,1
麟州香铁锅炖羊肉•地道陕北菜,3.9,108.980453,34.215223,95,90,1
子午路张记（立丰国际店）,4.3,108.997582,34.247406,20,1535,5
星宇轩酒楼,4.2,108.932439,34.324352,30,73,5
龙城韩式烧烤,4.9,108.914780,34.216321,59,1221,4
红堡REDFORT（大唐西市总店）,4.9,108.906691,34.245462,63,254,4
澳门德兴海鲜火锅（华融店）,3.9,108.938201,34.230555,112,598,1
子午路张记·米饭铺子（边家村店）,3.9,108.922282,34.235170,15,1117,1
知一咖啡馆（南大学城店）,4.3,108.893974,34.158515,44,225,5
君泽邑茶庄,4.2,108.907421,34.213738,50,181,5
（火）叁宝烤肉（含光路店）,4.3,108.933446,34.244293,49,255,5
辣动时代自助小火锅（工农路店）,3.9,108.933418,34.279039,31,430,1
方欣红霓·欧华堂中餐厅,4.6,108.893289,34.285468,59,323,5
懒小萌三汁养生焖锅,4.8,108.902981,34.282595,63,2542,4
宗江大酒楼,4.1,108.918919,34.204825,60,127,1
百代鸡（新东尚店）,3.9,109.018984,34.259676,20,856,1
马记擀面皮,4.9,108.946725,34.208870,6,437,4
陈府汉中菜（铁通商务店）,4.7,108.926399,34.231299,56,1067,4
迈德思客（余下店）,3.5,116.240578,23.586702,16,332,1
唐筵酒肆,4.3,108.890552,34.221733,67,128,5
吉美诺手感烘焙,4.4,109.016403,34.271050,38,638,5
祥丰饺子馆,4.4,109.040099,34.316821,17,457,5
斯威特蛋糕,5.0,109.234161,34.663673,20,984,4
川渝人家（木子园店）,4.3,109.008441,34.244506,49,263,5
蘑菇爱上饭（科技四路店）,4.1,108.880325,34.218542,18,129,1
毛师傅新疆椒麻鸡（大唐西市店）,4.9,108.905790,34.251075,35,112,4
大鼓米线（西安万和城DM店）,4.0,108.994647,34.278840,30,1863,1
艾米DIY蛋糕店,4.9,108.931458,34.288300,58,256,4
四云奶盖贡茶（凯德广场店）,4.6,108.936471,34.228613,14,2683,5
兰蒂雪（李家村店）,4.5,108.965766,34.237491,9,144,5
宽塘·蛙哥虾妹（万和城店）,4.2,108.994713,34.278321,67,1723,5
广信猪骨煲·猪肚鸡（万和城购物中心店）,4.9,108.994640,34.278776,66,1280,4
桑娅军农家乐,5.0,108.840137,34.048437,40,32,4
雷师傅大灶台,4.7,109.058620,34.382984,38,95,4
乡党臊子面（丰庆公园店）,4.9,108.900391,34.250226,30,3817,4
核桃树餐厅（春秋舍设计师酒店）,4.9,109.057055,34.270180,50,135,4
鹿港小镇（赛格国际店）,3.5,108.947616,34.223172,73,2587,1
福亭日式拉面,4.9,108.962774,34.242318,28,226,4
海升酒店国食天香中餐厅,4.9,108.885323,34.214519,95,389,4
晋运胡子大盘鸡拌面,4.2,109.081111,34.233038,20,209,5
盛夏光年蛋糕理想国,5.0,103.875763,30.582340,9,472,4
众家灯火煎饼·家常菜（省体育场店）,4.4,108.946525,34.233100,34,1830,5
辣呦（南二环店）,4.6,108.930229,34.229575,49,1736,5
伯爵工房（响塘路店）,4.9,108.872677,34.237645,43,1159,4
怡景小厨,4.6,108.895377,34.251788,42,670,5
富森中国菜,4.1,108.957482,34.257335,44,252,1
渔歌·活鱼现烤（西市城购物中心店）,4.1,108.909777,34.245300,49,5936,1
金三顺紫菜包饭（万和城店）,4.1,108.994647,34.278840,19,1938,1
思香特西点屋,4.5,109.091038,34.531073,30,363,5
鑫和炝锅鱼（大寨路店）,3.8,108.873128,34.244706,43,2139,1
重庆四座火锅,4.0,108.988440,34.267754,79,460,1
永阳坊艺术餐厅,4.8,108.895896,34.199830,80,168,4
小阿妹米线（南门店）,4.6,108.950755,34.249054,20,1882,5
草根擀面（高新六路北口店）,4.7,108.876673,34.236558,16,2880,4
鸿瑞餐厅,4.3,112.543236,37.879358,65,99,5
雕刻时光咖啡馆（师大路店）,4.6,108.948516,34.205111,45,267,5
那家土灶（二分店）,4.7,108.815020,34.041954,71,126,4
清真·老义烤肉（明德门店）,4.0,108.933926,34.201517,36,490,1
外婆印象（交大店）,4.3,108.989460,34.247776,40,1951,5
吉米屋,4.6,109.083198,34.236481,30,184,5
小滇锅过桥米线（西市城购物中心店）,4.3,108.909777,34.245300,24,3161,5
ZOO COFFEE（曼蒂广场店）,3.9,108.964398,34.214876,35,306,1
荷花餐饮,4.1,108.932633,34.255578,40,1830,1
姥家大锅台,4.6,108.940800,34.201873,53,272,5
香八度西饼店（现代学院店）,4.5,108.794419,34.048946,19,269,5
外婆印象（含光店）,4.4,108.932237,34.233375,48,1911,5
清真大城小味旋转火锅,4.7,108.936411,34.261245,31,2430,4
九点咖啡（咸宁西路店）,4.9,114.336739,29.826011,25,125,4
锦记老铜锅（玉祥门店）,4.9,108.926051,34.273577,67,1338,4
火狼大盘鸡,4.8,108.898563,34.263462,33,1582,4
萤初炉端烧（高新四路店）,4.6,108.897720,34.238774,122,233,5
白记重庆鸡公煲麻辣香锅,4.0,108.897738,34.155044,25,113,1
赛拉维（太白印象城店）,4.4,108.922347,34.235323,32,681,5
塞纳河法国餐厅（唐延路店）,4.5,108.890806,34.240414,254,905,5
蜀石文化火锅店,4.5,109.213458,34.661000,63,882,5
万德福蛋糕,4.4,109.006059,34.462402,15,92,5
玲珑雪蒸饺,4.4,109.219005,34.373834,40,878,5
中国重庆老版火锅（建西店）,4.1,108.956928,34.245661,76,2860,1
旺客基黄焖鸡米饭（西大街店）,4.0,108.930663,34.257443,17,378,1
大家烤羊庄（长安店）,4.5,108.840042,34.047441,111,81,5
粥王府,4.1,108.920842,34.259560,47,3841,1
皇品聚葫芦头,4.7,108.928071,34.209400,30,445,4
香辣土豆片夹馍,4.9,108.930192,34.314864,6,2208,4
威尔佳酒店秦粤轩餐厅,4.9,108.923095,34.294248,42,160,4
上座火锅（曲江店）,4.4,108.975311,34.208473,96,338,5
瑞成名仕酒店（丈八东路旗舰店）,4.5,108.923486,34.197258,161,53,5
京御煌三汁焖锅（赛格国际店）,4.5,108.947616,34.223172,72,11743,3
外婆印象（西五路店）,4.3,108.954086,34.273528,43,489,5
回坊人家（自强西路店）,4.4,108.922809,34.280059,29,331,5
Mercado Gran Cafe梅卡尔多咖啡厅（盛美利亚酒店）,4.1,108.977306,34.208071,197,216,1
年代陕北,4.1,108.969583,34.210680,54,283,1
秦八百里陕菜（龙湖星悦荟购物中心店）,3.9,108.992415,34.217584,33,423,1
奈九居酒屋（高新总店）,4.0,108.892575,34.235316,105,663,1
旺客基黄焖鸡米饭（西大街店）,4.0,108.930663,34.257443,17,378,1
大家烤羊庄（长安店）,4.5,108.840042,34.047441,111,81,5
粥王府,4.1,108.920842,34.259560,47,3841,1
皇品聚葫芦头,4.7,108.928071,34.209400,30,445,4
香辣土豆片夹馍,4.9,108.930192,34.314864,6,2208,4
威尔佳酒店秦粤轩餐厅,4.9,108.923095,34.294248,42,160,4
上座火锅（曲江店）,4.4,108.975311,34.208473,96,338,5
瑞成名仕酒店（丈八东路旗舰店）,4.5,108.923486,34.197258,161,53,5
京御煌三汁焖锅（赛格国际店）,4.5,108.947616,34.223172,72,11743,3
外婆印象（西五路店）,4.3,108.954086,34.273528,43,489,5
回坊人家（自强西路店）,4.4,108.922809,34.280059,29,331,5
Mercado Gran Cafe梅卡尔多咖啡厅（盛美利亚酒店）,4.1,108.977306,34.208071,197,216,1
年代陕北,4.1,108.969583,34.210680,54,283,1
秦八百里陕菜（龙湖星悦荟购物中心店）,3.9,108.992415,34.217584,33,423,1
奈九居酒屋（高新总店）,4.0,108.892575,34.235316,105,663,1
